"transfers.fraud_flag","transfers.transfer_id","transfers.timestamp","transfers.orig_account_id","transfers.benef_account_id","transfers.benef_country","transfers.channel_cd","transfers.authentication_cd","transfers.communication_cd","transfers.empty_communication_flag","transfers.orig_balance_before","transfers.amount"
"226","0","xtr215694",21966103,"X27769025","X86111129","ISO03","CH01","AU02","COM02","0",5412,33
"141","0","xtr671675",40885557,"X15452684","X63932196","ISO03","CH03","AU02","COM02","0",7268,40
"493","0","xtr977348",19945191,"X96278924","X56011266","ISO03","CH04","AU05","COM02","0",1971,227
"240","0","xtr655123",27404301,"X27769025","X95653232","ISO03","CH01","AU04","COM02","0",10603,20
"445","0","xtr785302",6566236,"X96278924","X85352318","ISO04","CH07","AU04","COM01","0",6228,5176
"88","0","xtr187306",17576922,"X15452684","X18544316","ISO03","CH03","AU02","COM01","0",4933,54
"714","0","xtr375200",29583007,"X69808474","X67288019","ISO03","CH01","AU04","COM01","0",1779,71
"475","0","xtr751176",14857126,"X96278924","X91645162","ISO03","CH04","AU05","COM01","0",1866,27
"97","0","xtr341383",22221450,"X15452684","X90717446","ISO03","CH03","AU02","COM02","0",4582,28
"132","0","xtr842613",38214048,"X15452684","X18544316","ISO03","CH03","AU02","COM02","0",6218,59
"489","0","xtr564939",18146865,"X96278924","X81045721","ISO03","CH04","AU03","COM01","0",1728,35
"68","0","xtr681171",9332683,"X15452684","X14145034","ISO03","CH03","AU02","COM02","0",6707,82
"474","0","xtr756088",14701823,"X96278924","X93192042","ISO03","CH04","AU05","COM02","0",1801,85
"463","0","xtr116760",11785034,"X96278924","X76863683","ISO03","CH04","AU05","COM01","0",2393,16
"504","0","xtr213254",23438824,"X96278924","X19992017","ISO03","CH04","AU05","COM01","0",1246,33
"328","0","xtr701238",9104831,"X64608297","X80234603","ISO03","CH07","AU02","COM02","0",828,31
"516","0","xtr216683",26009826,"X96278924","X93192042","ISO03","CH04","AU05","COM02","0",1226,47
"72","0","xtr305234",10835623,"X15452684","X18544316","ISO03","CH03","AU02","COM02","0",6979,54
"747","0","xtr588492",49426522,"X69808474","X47143851","ISO03","CH03","AU02","COM03","1",17218,3886
"173","0","xtr995602",3805962,"X27769025","X45551315","ISO03","CH07","AU04","COM01","0",36267,177
"670","0","xtr890550",14521021,"X69808474","X63561635","ISO03","CH07","AU04","COM02","0",1766,56
"512","0","xtr329405",25485771,"X96278924","X76849034","ISO03","CH04","AU05","COM01","0",1480,72
"402","1","xtr832232",33341120,"X21701089","X99577381","ISO03","CH01","AU04","COM01","0",54653,1514
"644","0","xtr682001",3277715,"X69808474","X72427334","ISO03","CH07","AU04","COM03","1",1645,56
"495","0","xtr395982",20057800,"X96278924","X93192042","ISO03","CH04","AU05","COM02","0",1898,93
"734","0","xtr870633",43389792,"X69808474","X83557012","ISO03","CH01","AU04","COM01","0",1847,16
"346","0","xtr170951",25575682,"X64608297","X49586317","ISO03","CH01","AU04","COM02","0",1552,29
"388","0","xtr189930",21950603,"X21701089","X29612291","ISO04","CH01","AU02","COM01","0",74314,115
"188","0","xtr400975",7586292,"X27769025","X92872642","ISO03","CH07","AU04","COM01","0",12781,754
"742","0","xtr865913",47002766,"X69808474","X92239103","ISO03","CH01","AU04","COM02","0",1600,74
"637","0","xtr922538",347602,"X69808474","X69347974","ISO03","CH07","AU04","COM03","1",1513,111
"267","0","xtr724088",37759024,"X27769025","X64391284","ISO03","CH01","AU04","COM01","0",7501,76
"338","0","xtr110949",17048089,"X64608297","X17738221","ISO03","CH04","AU04","COM01","0",1510,17
"58","0","xtr643878",2878943,"X15452684","X18544316","ISO03","CH03","AU02","COM02","0",5099,54
"721","0","xtr243981",33174844,"X69808474","X83457670","ISO03","CH01","AU04","COM02","0",1469,179
"498","0","xtr763277",20295894,"X96278924","X35139993","ISO03","CH04","AU03","COM01","0",1827,513
"431","0","xtr958204",4346056,"X96278924","X99932896","ISO03","CH04","AU05","COM01","0",1198,16
"537","0","xtr212774",31546902,"X96278924","X11624708","ISO03","CH01","AU04","COM02","0",574,31
"542","0","xtr388825",32318722,"X96278924","X64783449","ISO03","CH04","AU01","COM03","1",3376,1173
"519","0","xtr774465",26622890,"X96278924","X56011266","ISO03","CH06","AU02","COM02","0",1937,1560
"421","0","xtr341336",2150516,"X96278924","X97636029","ISO03","CH04","AU02","COM01","0",849,78
"766","0","xtr246610",24787430,"X98390105","X45391134","ISO03","CH04","AU05","COM01","0",679,49
"650","0","xtr411343",6224415,"X69808474","X83557012","ISO03","CH07","AU04","COM01","0",1418,35
"172","0","xtr739181",3370172,"X27769025","X20283557","ISO03","CH07","AU02","COM01","0",33119,204
"686","0","xtr309653",18952884,"X69808474","X83557012","ISO03","CH01","AU02","COM01","0",1094,18
"479","0","xtr279725",15316323,"X96278924","X77467022","ISO03","CH04","AU05","COM01","0",1337,30
"743","0","xtr531359",47002913,"X69808474","X42873492","ISO03","CH01","AU04","COM02","0",1547,94
"619","0","xtr310132",36800919,"X45605437","X46460597","ISO03","CH03","AU02","COM02","0",2921,223
"399","0","xtr833841",32588578,"X21701089","X73930255","ISO03","CH01","AU04","COM03","1",57214,320
"616","0","xtr382254",34571180,"X45605437","X41549476","ISO03","CH03","AU02","COM02","0",2921,63
"740","0","xtr763422",46484364,"X69808474","X17814232","ISO03","CH01","AU04","COM01","0",1895,27
"508","0","xtr874465",25138399,"X96278924","X40264579","ISO03","CH04","AU05","COM01","0",2002,69
"712","0","xtr779964",28022832,"X69808474","X83557012","ISO03","CH01","AU04","COM01","0",2289,16
"144","0","xtr387219",42443688,"X15452684","X90717446","ISO03","CH03","AU02","COM02","0",6823,53
"772","0","xtr305626",29049288,"X98390105","X53422917","ISO03","CH01","AU02","COM02","0",636,13
"93","0","xtr311725",20655478,"X15452684","X46460597","ISO03","CH01","AU02","COM02","0",5597,603
"96","0","xtr784585",21965600,"X15452684","X78583095","ISO03","CH03","AU02","COM02","0",4781,253
"453","0","xtr534810",9003955,"X96278924","X40264579","ISO03","CH04","AU02","COM02","0",3091,35
"665","0","xtr979179",12432617,"X69808474","X83351465","ISO03","CH07","AU04","COM01","0",1750,16
"724","0","xtr159681",36199493,"X69808474","X83557012","ISO03","CH01","AU04","COM01","0",1636,16
"549","0","xtr714213",33896269,"X96278924","X21572305","ISO03","CH04","AU03","COM03","1",1137,459
"283","0","xtr457680",45469403,"X27769025","X46460597","ISO03","CH01","AU02","COM02","0",11971,1351
"435","0","xtr711728",4615640,"X96278924","X40103816","ISO03","CH04","AU05","COM01","0",1454,28
"679","0","xtr818835",16941894,"X69808474","X71927452","ISO03","CH01","AU02","COM01","0",2435,398
"492","0","xtr881215",19457887,"X96278924","X77467022","ISO03","CH04","AU05","COM01","0",2022,45
"517","0","xtr201303",26430051,"X96278924","X91645162","ISO03","CH04","AU05","COM01","0",877,18
"77","0","xtr653460",12461855,"X15452684","X14695609","ISO03","CH03","AU02","COM02","0",4269,332
"182","0","xtr335838",6174253,"X27769025","X13462784","ISO03","CH07","AU04","COM01","0",39231,8351
"326","0","xtr285365",6688537,"X64608297","X41549476","ISO03","CH07","AU02","COM02","0",2753,102
"424","0","xtr825017",3305283,"X96278924","X19063810","ISO03","CH04","AU05","COM02","0",1381,26
"418","0","xtr198239",1304886,"X96278924","X93192042","ISO03","CH04","AU02","COM02","0",1567,87
"514","0","xtr473116",25485852,"X96278924","X76849034","ISO03","CH04","AU05","COM01","0",1397,107
"779","0","xtr897605",35169990,"X98390105","X60888100","ISO03","CH04","AU01","COM01","0",836,78
"233","0","xtr134774",26128699,"X27769025","X34140953","ISO03","CH01","AU04","COM02","0",6917,66
"485","0","xtr231053",17299857,"X96278924","X93192042","ISO03","CH04","AU05","COM02","0",2243,89
"773","0","xtr936401",30230242,"X98390105","X94397731","ISO03","CH04","AU01","COM02","0",799,49
"262","0","xtr606049",37509742,"X27769025","X96989321","ISO03","CH01","AU04","COM01","0",10376,398
"100","0","xtr956438",23174240,"X15452684","X93192042","ISO03","CH03","AU02","COM02","0",5009,41
"111","0","xtr708031",29134069,"X15452684","X18544316","ISO03","CH03","AU02","COM02","0",5850,59
"150","0","xtr790841",43909969,"X15452684","X63848056","ISO03","CH03","AU02","COM02","0",7340,18
"114","0","xtr662006",30514734,"X15452684","X28898321","ISO03","CH03","AU02","COM02","0",6216,29
"255","0","xtr381409",33986380,"X27769025","X38967516","ISO03","CH01","AU04","COM01","0",11494,60
"558","0","xtr122670",36480209,"X96278924","X39718491","ISO04","CH04","AU03","COM01","0",2398,1809
"716","0","xtr779017",30781081,"X69808474","X83557012","ISO03","CH01","AU04","COM01","0",2735,16
"333","0","xtr860174",15201547,"X64608297","X41549476","ISO03","CH01","AU02","COM02","0",1196,77
"169","0","xtr724029",2804030,"X27769025","X41549476","ISO03","CH07","AU02","COM02","0",3215,86
"693","0","xtr767516",21512089,"X69808474","X83557012","ISO03","CH01","AU02","COM01","0",1263,16
"264","0","xtr320672",37695503,"X27769025","X54052141","ISO03","CH01","AU02","COM01","0",7484,205
"170","0","xtr833466",2804295,"X27769025","X89266342","ISO03","CH07","AU02","COM01","0",33607,5625
"331","0","xtr199321",13002595,"X64608297","X98872203","ISO03","CH07","AU04","COM02","0",353,50
"416","0","xtr322246",778063,"X96278924","X26412927","ISO03","CH04","AU02","COM02","0",1521,49
"551","0","xtr104113",35065652,"X96278924","X39335656","ISO03","CH04","AU01","COM01","0",1229,63
"55","0","xtr696251",1998777,"X15452684","X93192042","ISO03","CH03","AU02","COM02","0",5259,10
"139","0","xtr177370",39067333,"X15452684","X93192042","ISO03","CH01","AU04","COM02","0",7015,44
"353","0","xtr257501",30666032,"X64608297","X49586317","ISO03","CH04","AU04","COM02","0",1235,134
"684","0","xtr728910",18952621,"X69808474","X41158832","ISO03","CH01","AU02","COM01","0",1119,37
"327","0","xtr925008",9104747,"X64608297","X31174692","ISO03","CH07","AU02","COM02","0",837,20
"208","0","xtr751616",15373445,"X27769025","X45879460","ISO03","CH07","AU02","COM01","0",8904,41
"681","0","xtr232363",18234763,"X69808474","X42873492","ISO03","CH01","AU02","COM02","0",1537,94
"87","0","xtr868653",17381911,"X15452684","X18544316","ISO03","CH03","AU02","COM02","0",4970,54
"459","0","xtr465242",10551075,"X96278924","X91645162","ISO03","CH04","AU05","COM01","0",1023,42
"81","0","xtr423640",14358841,"X15452684","X90717446","ISO03","CH03","AU02","COM02","0",3905,28
"434","0","xtr178690",4405922,"X96278924","X40264579","ISO03","CH04","AU05","COM02","0",1251,39
"529","0","xtr265900",29626297,"X96278924","X35787561","ISO03","CH04","AU05","COM01","0",372,40
"137","0","xtr985765",39066980,"X15452684","X79567445","ISO03","CH01","AU04","COM02","0",6831,303
"251","0","xtr374208",32869666,"X27769025","X46460597","ISO03","CH01","AU04","COM02","0",13151,331
"595","0","xtr554787",10031033,"X45605437","X41549476","ISO03","CH03","AU02","COM02","0",1540,68
"375","0","xtr813332",10285870,"X21701089","X87416905","ISO03","CH07","AU04","COM03","1",37380,49
"728","0","xtr512681",38309771,"X69808474","X48570047","ISO03","CH01","AU04","COM01","0",1886,34
"663","0","xtr608005",11860400,"X69808474","X53086581","ISO03","CH07","AU04","COM02","0",1773,36
"513","0","xtr564377",25485813,"X96278924","X76849034","ISO03","CH04","AU05","COM01","0",1429,49
"496","0","xtr876068",20289799,"X96278924","X64783449","ISO03","CH04","AU02","COM01","1",7680,6987
"506","0","xtr124646",24227863,"X96278924","X87278227","ISO03","CH04","AU05","COM01","0",721,310
"601","0","xtr164112",17542487,"X45605437","X46460597","ISO03","CH03","AU02","COM02","0",1400,248
"748","1","xtr266302",49435837,"X69808474","X79534028","ISO03","CH01","AU04","COM03","1",29407,8537
"239","0","xtr637049",26818436,"X27769025","X99394788","ISO03","CH01","AU02","COM02","0",10497,49
"357","0","xtr251439",32152066,"X64608297","X54781059","ISO03","CH04","AU04","COM02","0",618,21
"276","0","xtr834352",40296538,"X27769025","X16894635","ISO03","CH01","AU04","COM01","0",10208,95
"360","1","xtr173224",33022824,"X64608297","X61352370","ISO04","CH01","AU04","COM03","1",26839,7616
"745","0","xtr635190",49080718,"X69808474","X48570047","ISO03","CH01","AU04","COM01","0",1888,398
"400","0","xtr880039",32914751,"X21701089","X37786784","ISO03","CH02","AU02","COM02","0",56454,39
"642","0","xtr680914",1471311,"X69808474","X83457670","ISO03","CH07","AU02","COM02","0",1786,177
"130","0","xtr762397",36141443,"X15452684","X63848056","ISO03","CH03","AU02","COM02","0",6305,18
"785","1","xtr142625",38296341,"X98390105","X65617711","ISO03","CH05","AU02","COM03","1",1987,1531
"76","0","xtr536764",11663615,"X15452684","X20015939","ISO03","CH06","AU02","COM01","0",5002,1789
"668","0","xtr657758",14280912,"X69808474","X48570047","ISO03","CH07","AU04","COM01","0",2193,359
"373","0","xtr245592",8204369,"X21701089","X46460597","ISO03","CH02","AU02","COM02","0",41449,324
"530","0","xtr683991",29820795,"X96278924","X64783449","ISO03","CH04","AU03","COM03","1",3202,1560
"385","0","xtr644402",20038825,"X21701089","X86197401","ISO03","CH01","AU02","COM01","0",77428,68
"654","0","xtr104652",7274665,"X69808474","X11997462","ISO03","CH07","AU04","COM02","0",2320,146
"653","0","xtr893532",6653815,"X69808474","X20456627","ISO03","CH07","AU04","COM02","0",2565,47
"194","0","xtr943796",9444199,"X27769025","X92872642","ISO03","CH07","AU02","COM01","0",9067,6159
"117","0","xtr671940",30515789,"X15452684","X93192042","ISO03","CH03","AU02","COM02","0",6145,43
"91","0","xtr861035",20655201,"X15452684","X93192042","ISO03","CH01","AU02","COM02","0",5622,41
"126","0","xtr480108",34231626,"X15452684","X18544316","ISO03","CH03","AU02","COM02","0",5984,59
"289","0","xtr672696",45616182,"X27769025","X99713538","ISO04","CH01","AU04","COM01","0",9125,114
"596","0","xtr713628",10656359,"X45605437","X18860870","ISO04","CH03","AU02","COM01","0",1196,68
"524","0","xtr314526",27990640,"X96278924","X93192042","ISO03","CH04","AU05","COM02","0",2039,48
"85","0","xtr272950",16954261,"X15452684","X18544316","ISO03","CH03","AU02","COM02","0",4523,54
"483","0","xtr182179",16622875,"X96278924","X75176667","ISO04","CH04","AU02","COM01","0",2158,64
"741","0","xtr324120",47002616,"X69808474","X54397663","ISO03","CH01","AU02","COM02","0",17097,87
"345","0","xtr362469",25572745,"X64608297","X95653232","ISO03","CH01","AU04","COM02","0",1557,16
"350","0","xtr576487",29228828,"X64608297","X41549476","ISO03","CH01","AU04","COM02","0",491,71
"509","0","xtr819338",25138483,"X96278924","X97636029","ISO03","CH04","AU05","COM01","0",1954,113
"336","0","xtr960361",16932198,"X64608297","X95653232","ISO03","CH04","AU04","COM02","0",610,16
"624","1","xtr463793",37775151,"X45605437","X17871736","ISO03","CH05","AU02","COM03","1",1186,809
"38","0","xtr146954",8312333,"X51735094","X58233569","ISO03","CH07","AU04","COM01","0",1074,549
"722","0","xtr375848",35007940,"X69808474","X17814232","ISO03","CH01","AU04","COM01","0",1630,29
"348","0","xtr791389",27988495,"X64608297","X47066779","ISO03","CH04","AU04","COM02","0",715,49
"73","0","xtr928660",10996056,"X15452684","X90717446","ISO03","CH03","AU02","COM02","0",6908,28
"612","0","xtr749425",27300926,"X45605437","X41549476","ISO03","CH01","AU04","COM02","0",1685,63
"727","0","xtr491696",38042817,"X69808474","X42873492","ISO03","CH01","AU04","COM02","0",2079,94
"622","0","xtr402196",37437672,"X45605437","X60619641","ISO03","CH01","AU04","COM01","0",2656,164
"611","0","xtr883235",27300570,"X45605437","X99698135","ISO03","CH01","AU04","COM02","0",1705,34
"546","0","xtr627475",33293528,"X96278924","X26412927","ISO03","CH04","AU03","COM02","0",1998,49
"337","0","xtr213943",16932312,"X64608297","X39483671","ISO03","CH04","AU04","COM02","0",605,41
"717","0","xtr701527",31118335,"X69808474","X21039645","ISO03","CH01","AU04","COM01","0",1536,248
"602","0","xtr872222",17999972,"X45605437","X29117497","ISO03","CH03","AU02","COM01","0",2140,54
"383","0","xtr314515",17480109,"X21701089","X95538457","ISO04","CH07","AU04","COM01","0",80010,78
"664","0","xtr310030",12432559,"X69808474","X83557012","ISO03","CH07","AU04","COM01","0",1752,11
"28","0","xtr931895",5554975,"X51735094","X87633911","ISO03","CH07","AU04","COM02","0",1766,35
"669","0","xtr230889",14520867,"X69808474","X73669461","ISO03","CH07","AU04","COM02","0",1381,36
"739","0","xtr522610",46133573,"X69808474","X94091441","ISO03","CH01","AU04","COM01","0",2336,398
"31","0","xtr227226",6069430,"X51735094","X63848056","ISO03","CH07","AU04","COM02","0",1252,25
"143","0","xtr742520",41549029,"X15452684","X93192042","ISO03","CH01","AU04","COM02","0",7072,43
"738","0","xtr304203",46080186,"X69808474","X63561635","ISO03","CH01","AU04","COM02","0",2379,56
"29","0","xtr638463",5555011,"X51735094","X93192042","ISO03","CH07","AU04","COM02","0",1745,85
"211","0","xtr810291",15968353,"X27769025","X45389096","ISO03","CH07","AU04","COM02","0",7253,568
"146","0","xtr613440",42443883,"X15452684","X78714202","ISO03","CH03","AU02","COM02","0",6773,12
"215","0","xtr872598",17916651,"X27769025","X91812656","ISO03","CH01","AU02","COM01","0",4725,39
"720","0","xtr236110",33174671,"X69808474","X83557012","ISO03","CH01","AU04","COM01","0",2279,16
"437","0","xtr598452",4616105,"X96278924","X64783449","ISO03","CH04","AU05","COM01","0",1421,161
"422","0","xtr902422",2678638,"X96278924","X99932896","ISO03","CH04","AU02","COM01","0",860,33
"129","0","xtr521172",36141352,"X15452684","X90717446","ISO03","CH03","AU02","COM02","0",6320,28
"470","0","xtr602130",12961401,"X96278924","X35139993","ISO03","CH04","AU05","COM01","0",883,35
"284","0","xtr763103",45469537,"X27769025","X46460597","ISO03","CH01","AU02","COM02","0",10873,648
"229","0","xtr397109",23082904,"X27769025","X31174692","ISO03","CH01","AU02","COM02","0",7284,28
"201","0","xtr680053",11580245,"X27769025","X18459297","ISO03","CH07","AU02","COM02","0",7181,1241
"24","0","xtr185440",3823030,"X51735094","X63848056","ISO03","CH07","AU02","COM02","0",2292,26
"66","0","xtr107932",7797562,"X15452684","X18544316","ISO03","CH03","AU02","COM02","0",6791,54
"784","0","xtr710277",38132166,"X98390105","X90462741","ISO03","CH04","AU01","COM01","0",708,49
"600","0","xtr827798",17542377,"X45605437","X67567794","ISO03","CH03","AU02","COM02","0",2031,302
"440","0","xtr433344",5178307,"X96278924","X99932896","ISO03","CH04","AU05","COM01","0",1599,20
"609","0","xtr456175",25848873,"X45605437","X96222536","ISO03","CH03","AU02","COM02","0",1892,69
"469","0","xtr964733",12784847,"X96278924","X76932175","ISO03","CH04","AU05","COM02","0",1532,281
"272","0","xtr106527",40188456,"X27769025","X99394788","ISO03","CH01","AU04","COM02","0",10327,51
"480","0","xtr810479",15316401,"X96278924","X91645162","ISO03","CH04","AU05","COM01","0",1320,27
"429","0","xtr654720",4225691,"X96278924","X93192042","ISO03","CH04","AU05","COM02","0",1291,86
"446","0","xtr718725",6645682,"X96278924","X91645162","ISO03","CH04","AU02","COM01","0",1986,37
"220","0","xtr172513",19443326,"X27769025","X46460597","ISO03","CH01","AU02","COM02","0",6547,1325
"102","0","xtr420786",24553721,"X15452684","X93192042","ISO03","CH03","AU02","COM02","0",4945,41
"119","0","xtr335617",30515979,"X15452684","X23038922","ISO03","CH03","AU02","COM02","0",5877,57
"397","0","xtr219219",31273075,"X21701089","X14013304","ISO03","CH01","AU02","COM02","0",58663,554
"192","0","xtr916278",9444199,"X27769025","X15826543","ISO03","CH07","AU02","COM01","0",3914,44
"647","0","xtr844877",4237408,"X69808474","X83557012","ISO03","CH07","AU04","COM01","0",2032,16
"613","0","xtr565164",28273947,"X45605437","X47066779","ISO03","CH03","AU02","COM02","0",2056,49
"486","0","xtr849477",17613936,"X96278924","X45435555","ISO03","CH04","AU05","COM01","0",1889,49
"281","0","xtr922135",43408439,"X27769025","X96989321","ISO03","CH01","AU04","COM01","0",10520,390
"746","0","xtr923353",49080892,"X69808474","X42873492","ISO03","CH01","AU04","COM02","0",1571,94
"521","0","xtr266794",27041672,"X96278924","X53043477","ISO03","CH04","AU03","COM01","0",2037,14
"503","0","xtr866686",23188820,"X96278924","X26412927","ISO03","CH04","AU05","COM02","0",1987,159
"26","0","xtr582322",4963503,"X51735094","X22723109","ISO03","CH07","AU04","COM01","0",1902,25
"269","0","xtr234820",38745139,"X27769025","X27296713","ISO03","CH01","AU04","COM01","0",9552,38
"268","0","xtr350399",38107177,"X27769025","X96989321","ISO03","CH01","AU04","COM01","0",9884,87
"166","0","xtr695627",2804030,"X27769025","X46869671","ISO03","CH07","AU02","COM02","0",3153,884
"332","0","xtr560082",14165829,"X64608297","X41549476","ISO03","CH07","AU04","COM02","0",10,71
"151","0","xtr377821",43910070,"X15452684","X14695609","ISO03","CH03","AU02","COM02","0",7334,336
"147","0","xtr397320",42443957,"X15452684","X18544316","ISO03","CH03","AU02","COM02","0",6771,59
"27","0","xtr395084",5554880,"X51735094","X39509284","ISO03","CH07","AU04","COM02","0",1776,22
"442","0","xtr768425",5891359,"X96278924","X91645162","ISO03","CH04","AU05","COM01","0",669,20
"706","0","xtr233895",26604989,"X69808474","X83557012","ISO03","CH01","AU04","COM01","0",1549,14
"443","0","xtr171696",6211498,"X96278924","X99932896","ISO03","CH04","AU02","COM01","0",1985,42
"494","0","xtr690791",19945315,"X96278924","X56011266","ISO03","CH04","AU05","COM02","0",1794,126
"765","0","xtr380668",19606163,"X98390105","X98978421","ISO03","CH03","AU02","COM03","1",894,49
"335","0","xtr809290",16932091,"X64608297","X98589933","ISO03","CH04","AU04","COM02","0",618,20
"617","0","xtr604051",34829555,"X45605437","X84868581","ISO03","CH03","AU02","COM01","0",2746,53
"120","0","xtr471891",31640395,"X15452684","X78714202","ISO03","CH03","AU02","COM02","0",5800,15
"608","0","xtr807517",25402519,"X45605437","X43960597","ISO04","CH01","AU04","COM01","0",1501,77
"354","0","xtr652617",30953833,"X64608297","X31174692","ISO03","CH04","AU04","COM02","0",606,16
"209","0","xtr454273",15373445,"X27769025","X27296713","ISO03","CH07","AU02","COM01","0",8878,145
"535","0","xtr914403",30777848,"X96278924","X30845392","ISO03","CH04","AU01","COM01","0",1552,30
"441","0","xtr430588",5542490,"X96278924","X64783449","ISO03","CH04","AU05","COM01","0",1375,1050
"448","0","xtr992124",6768313,"X96278924","X76932175","ISO03","CH04","AU05","COM02","0",1732,281
"378","0","xtr945553",10480729,"X21701089","X31007435","ISO03","CH07","AU04","COM01","0",35443,382
"534","0","xtr629119",30773855,"X96278924","X91645162","ISO03","CH04","AU03","COM03","1",1590,57
"511","0","xtr880868",25485721,"X96278924","X76849034","ISO03","CH04","AU05","COM01","0",1512,49
"65","0","xtr455487",7451634,"X15452684","X93192042","ISO03","CH03","AU02","COM02","0",6817,41
"78","0","xtr348364",12540974,"X15452684","X79684544","ISO03","CH03","AU02","COM01","0",4005,49
"607","0","xtr541016",24220407,"X45605437","X22407283","ISO03","CH01","AU04","COM01","0",1339,22
"62","0","xtr415473",4508199,"X15452684","X18544316","ISO03","CH03","AU02","COM02","0",5814,54
"213","0","xtr199896",16749719,"X27769025","X96989321","ISO03","CH01","AU02","COM01","0",3238,411
"695","0","xtr527994",22378799,"X69808474","X71927452","ISO03","CH01","AU02","COM03","1",2249,320
"643","0","xtr107498",2697029,"X69808474","X42873492","ISO03","CH07","AU04","COM02","0",1863,94
"394","0","xtr489509",29719088,"X21701089","X50695699","ISO03","CH02","AU02","COM02","0",62547,66
"253","0","xtr291121",33986193,"X27769025","X18719197","ISO03","CH01","AU04","COM02","0",11735,27
"646","0","xtr986909",3714052,"X69808474","X71927452","ISO03","CH07","AU04","COM03","1",1500,785
"274","0","xtr719086",40189400,"X27769025","X70810604","ISO03","CH01","AU04","COM02","0",10259,38
"675","0","xtr305839",16075489,"X69808474","X54397663","ISO03","CH01","AU02","COM02","0",857,87
"432","0","xtr966351",4405827,"X96278924","X97636029","ISO03","CH04","AU05","COM01","0",1386,147
"238","0","xtr345316",26818343,"X27769025","X95119803","ISO03","CH01","AU02","COM02","0",10710,270
"292","1","xtr471318",46914060,"X27769025","X67201383","ISO03","CH01","AU04","COM03","1",10233,1793
"224","0","xtr761966",21381733,"X27769025","X96989321","ISO03","CH01","AU02","COM01","0",5066,204
"98","0","xtr386383",22221791,"X15452684","X63848056","ISO03","CH03","AU02","COM02","0",4567,13
"621","0","xtr867098",36934497,"X45605437","X61105976","ISO04","CH01","AU04","COM01","0",2746,60
"391","0","xtr963597",24885645,"X21701089","X50695699","ISO03","CH01","AU02","COM02","0",71764,3679
"768","0","xtr717550",24787661,"X98390105","X88087082","ISO03","CH04","AU05","COM02","0",724,65
"467","0","xtr490116",12280349,"X96278924","X91645162","ISO03","CH04","AU05","COM01","0",1647,91
"95","0","xtr296229",20655893,"X15452684","X18544316","ISO03","CH01","AU02","COM02","0",5030,59
"74","0","xtr158260",10996419,"X15452684","X96662138","ISO03","CH03","AU02","COM01","0",6893,25
"545","0","xtr188792",33272306,"X96278924","X26412927","ISO03","CH04","AU01","COM02","0",2030,49
"256","0","xtr961981",33986451,"X27769025","X75197751","ISO03","CH01","AU04","COM02","0",11452,232
"84","0","xtr458761",16954178,"X15452684","X63932196","ISO03","CH03","AU02","COM02","0",4562,58
"282","0","xtr736495",43547573,"X27769025","X53680087","ISO03","CH01","AU04","COM02","0",10182,210
"556","0","xtr124414",36305174,"X96278924","X52402114","ISO03","CH04","AU01","COM01","0",1732,165
"449","0","xtr845441",6824402,"X96278924","X64783449","ISO03","CH04","AU05","COM01","1",3381,2421
"183","0","xtr769186",6723214,"X27769025","X18544316","ISO03","CH07","AU02","COM02","0",12928,74
"751","1","xtr265321",49436512,"X69808474","X58521491","ISO03","CH01","AU04","COM03","1",10044,9312
"167","0","xtr853360",2804030,"X27769025","X54052141","ISO03","CH07","AU02","COM01","0",2021,445
"661","0","xtr328393",11839876,"X69808474","X32073736","ISO03","CH07","AU04","COM01","0",2312,29
"228","0","xtr523914",22728770,"X27769025","X23923757","ISO03","CH01","AU02","COM02","0",7559,204
"554","0","xtr403286",35328675,"X96278924","X20399067","ISO03","CH04","AU01","COM03","1",2847,242
"544","0","xtr736451",33272072,"X96278924","X41549476","ISO03","CH04","AU01","COM02","0",2070,59
"179","0","xtr647726",5565560,"X27769025","X73116927","ISO03","CH07","AU02","COM02","0",38157,123
"261","0","xtr610912",37153813,"X27769025","X23923757","ISO03","CH01","AU04","COM02","0",8798,77
"464","0","xtr907555",11785216,"X96278924","X83977418","ISO03","CH04","AU05","COM01","0",2388,19
"771","0","xtr433797",27471273,"X98390105","X31470783","ISO03","CH04","AU05","COM01","0",837,41
"671","0","xtr897530",14521104,"X69808474","X83557012","ISO03","CH07","AU04","COM01","0",1874,18
"539","0","xtr126057",31547174,"X96278924","X12194404","ISO03","CH01","AU04","COM02","0",1046,59
"124","0","xtr450874",33370307,"X15452684","X63848056","ISO03","CH03","AU02","COM02","0",6035,18
"656","0","xtr768154",9420169,"X69808474","X83557012","ISO03","CH07","AU04","COM01","0",2255,16
"35","0","xtr555544",6400499,"X51735094","X54118433","ISO03","CH07","AU04","COM03","1",2088,785
"191","0","xtr648143",9444199,"X27769025","X58689566","ISO03","CH07","AU02","COM01","0",12023,3355
"704","0","xtr749235",25927234,"X69808474","X83351465","ISO03","CH01","AU04","COM01","0",1902,25
"232","0","xtr346574",23536002,"X27769025","X78465745","ISO03","CH01","AU04","COM01","0",6604,404
"444","0","xtr525693",6211761,"X96278924","X64783449","ISO03","CH04","AU02","COM01","1",1958,143
"528","0","xtr435320",29625678,"X96278924","X17253118","ISO03","CH04","AU05","COM01","0",581,266
"203","0","xtr774518",11616898,"X27769025","X96989321","ISO03","CH07","AU04","COM01","0",5650,540
"257","0","xtr996726",33986525,"X27769025","X19162789","ISO03","CH01","AU04","COM01","0",11271,44
"266","0","xtr835353",37695504,"X27769025","X14695609","ISO03","CH01","AU02","COM02","0",7302,82
"767","0","xtr594680",24787532,"X98390105","X45391134","ISO03","CH04","AU05","COM01","0",784,49
"515","0","xtr680099",25746904,"X96278924","X35289634","ISO03","CH04","AU05","COM01","0",1407,29
"749","1","xtr521362",49436080,"X69808474","X47143851","ISO03","CH01","AU04","COM03","1",22424,5824
"248","0","xtr789176",30103239,"X27769025","X46869671","ISO03","CH01","AU02","COM02","0",8468,894
"36","0","xtr785804",7251861,"X51735094","X55556211","ISO03","CH07","AU04","COM01","0",1247,277
"594","0","xtr150763",10030967,"X45605437","X46460597","ISO03","CH03","AU02","COM02","0",2056,639
"649","0","xtr346629",5282959,"X69808474","X69347974","ISO03","CH07","AU04","COM01","0",1581,118
"651","0","xtr522465",6225110,"X69808474","X63561635","ISO03","CH07","AU04","COM02","0",2688,56
"123","0","xtr749781",32500878,"X15452684","X90717446","ISO03","CH03","AU02","COM02","0",5680,19
"214","0","xtr352836",17103375,"X27769025","X42366890","ISO03","CH01","AU02","COM01","0",3088,216
"168","0","xtr506881",2804030,"X27769025","X46460597","ISO03","CH07","AU02","COM02","0",2437,324
"374","0","xtr214665",9864903,"X21701089","X16871544","ISO03","CH07","AU04","COM01","0",39971,2435
"122","0","xtr453220",32500769,"X15452684","X63932196","ISO03","CH03","AU02","COM02","0",5704,40
"125","0","xtr610708",33370407,"X15452684","X93192042","ISO03","CH03","AU02","COM02","0",6029,44
"134","0","xtr802242",38990525,"X15452684","X18544316","ISO03","CH03","AU02","COM02","0",7166,59
"700","0","xtr478039",25752909,"X69808474","X92239103","ISO03","CH01","AU04","COM02","0",1770,36
"641","0","xtr838766",1471172,"X69808474","X53086581","ISO03","CH07","AU04","COM02","0",1899,12
"657","0","xtr505038",9694862,"X69808474","X53086581","ISO03","CH07","AU04","COM02","0",1916,28
"478","0","xtr675105",15316100,"X96278924","X30845392","ISO03","CH04","AU05","COM01","0",1442,138
"210","0","xtr789638",15478681,"X27769025","X33737561","ISO03","CH07","AU04","COM01","0",8742,1448
"401","1","xtr757754",33340865,"X21701089","X99577381","ISO03","CH01","AU04","COM03","1",55986,1638
"501","0","xtr948958",22891384,"X96278924","X93192042","ISO03","CH04","AU05","COM02","0",2178,49
"731","0","xtr173971",42182220,"X69808474","X63561635","ISO03","CH01","AU04","COM02","0",1529,56
"329","0","xtr152675",9968011,"X64608297","X95653232","ISO03","CH07","AU04","COM02","0",791,25
"279","0","xtr119968",41978634,"X27769025","X96989321","ISO03","CH01","AU04","COM01","0",8341,180
"352","0","xtr532654",30665784,"X64608297","X46460597","ISO03","CH04","AU04","COM02","0",2561,189
"507","0","xtr266866",24277665,"X96278924","X39335656","ISO03","CH04","AU05","COM01","0",698,33
"222","0","xtr571516",20816217,"X27769025","X49682711","ISO03","CH01","AU02","COM01","0",8889,4525
"204","0","xtr444369",11877052,"X27769025","X42366890","ISO03","CH07","AU04","COM01","0",5750,741
"782","0","xtr175588",35179134,"X98390105","X45391134","ISO03","CH04","AU01","COM01","0",905,87
"92","0","xtr239223",20655343,"X15452684","X46460597","ISO03","CH01","AU02","COM02","0",4984,257
"660","0","xtr361044",10557769,"X69808474","X42873492","ISO03","CH07","AU04","COM02","0",1191,94
"250","0","xtr439512",32869562,"X27769025","X75197751","ISO03","CH01","AU04","COM02","0",13332,232
"454","0","xtr519726",9004035,"X96278924","X41549476","ISO03","CH04","AU02","COM02","0",3070,66
"777","0","xtr993823",32397148,"X98390105","X99394788","ISO03","CH01","AU02","COM02","0",727,87
"275","0","xtr530734",40189776,"X27769025","X65350681","ISO03","CH01","AU02","COM02","0",10236,82
"343","0","xtr673262",19990801,"X64608297","X41549476","ISO03","CH01","AU02","COM02","0",1457,71
"190","0","xtr203200",9444199,"X27769025","X41549476","ISO03","CH07","AU02","COM02","0",9283,116
"223","0","xtr116243",21263018,"X27769025","X37710001","ISO04","CH01","AU02","COM01","0",5160,69
"688","0","xtr593968",20042131,"X69808474","X57127079","ISO03","CH01","AU02","COM01","0",2379,425
"460","0","xtr949643",10568142,"X96278924","X79857077","ISO03","CH04","AU05","COM01","0",997,25
"82","0","xtr765098",15135273,"X15452684","X93192042","ISO03","CH03","AU02","COM02","0",4602,41
"658","0","xtr885851",9959793,"X69808474","X53086581","ISO03","CH07","AU04","COM02","0",1823,599
"30","0","xtr158171",6069408,"X51735094","X58233569","ISO03","CH07","AU04","COM01","0",1683,536
"118","0","xtr698987",30515888,"X15452684","X79567445","ISO03","CH03","AU02","COM02","0",6117,303
"711","0","xtr310351",27919553,"X69808474","X48570047","ISO03","CH01","AU04","COM01","0",2257,26
"205","0","xtr311431",12709672,"X27769025","X76515860","ISO03","CH07","AU04","COM01","0",7188,497
"690","0","xtr877127",20770666,"X69808474","X92239103","ISO03","CH01","AU02","COM02","0",1618,12
"193","0","xtr853362",9444199,"X27769025","X22701553","ISO03","CH07","AU02","COM01","0",14439,2960
"237","0","xtr998361",26815641,"X27769025","X96989321","ISO03","CH01","AU02","COM01","0",10780,95
"763","0","xtr311978",13473757,"X98390105","X53422917","ISO03","CH07","AU02","COM02","0",902,13
"457","0","xtr771909",9758280,"X96278924","X97636029","ISO03","CH04","AU05","COM01","0",1847,112
"185","0","xtr936622",6779048,"X27769025","X58689566","ISO03","CH07","AU04","COM03","1",13044,232
"207","0","xtr355579",14263243,"X27769025","X18719197","ISO03","CH07","AU02","COM02","0",5800,700
"249","0","xtr188584",32050407,"X27769025","X75197751","ISO03","CH01","AU04","COM02","0",9477,232
"393","0","xtr606576",27724085,"X21701089","X31007435","ISO03","CH01","AU04","COM01","0",63593,785
"377","0","xtr151831",10480671,"X21701089","X16871544","ISO03","CH07","AU04","COM01","0",35139,48
"187","0","xtr625787",6900540,"X27769025","X30525066","ISO03","CH07","AU02","COM02","0",12820,80
"518","0","xtr417704",26622840,"X96278924","X56011266","ISO03","CH06","AU02","COM02","0",3207,1560
"525","0","xtr785153",28935482,"X96278924","X97636029","ISO03","CH04","AU03","COM01","0",951,148
"547","0","xtr592539",33545116,"X96278924","X78979904","ISO02","CH04","AU03","COM01","0",1750,57
"177","0","xtr308413",5224408,"X27769025","X18544316","ISO03","CH07","AU02","COM02","0",38556,58
"56","0","xtr969840",1998855,"X15452684","X63932196","ISO03","CH03","AU02","COM02","0",5259,36
"468","0","xtr951517",12360032,"X96278924","X68018233","ISO03","CH04","AU05","COM01","0",1762,29
"452","0","xtr532207",9003902,"X96278924","X40264579","ISO03","CH04","AU02","COM02","0",3112,35
"106","0","xtr389641",25420241,"X15452684","X63848056","ISO03","CH03","AU02","COM02","0",5372,18
"142","0","xtr495801",41492750,"X15452684","X63848056","ISO03","CH03","AU02","COM02","0",7079,18
"623","1","xtr833093",37763682,"X45605437","X17871736","ISO03","CH05","AU02","COM03","1",2510,1627
"189","0","xtr154570",9444199,"X27769025","X14695609","ISO03","CH07","AU02","COM02","0",9196,168
"154","1","xtr481153",44165127,"X15452684","X69628725","ISO04","CH01","AU04","COM03","1",6537,3522
"263","0","xtr178694",37669558,"X27769025","X22701553","ISO03","CH01","AU04","COM01","0",10002,5840
"692","0","xtr564172",21511432,"X69808474","X63561635","ISO03","CH01","AU02","COM02","0",1914,56
"254","0","xtr166740",33986275,"X27769025","X14695609","ISO03","CH01","AU04","COM02","0",11721,287
"682","0","xtr647511",18952169,"X69808474","X92239103","ISO03","CH01","AU02","COM02","0",1142,36
"198","0","xtr768490",9444199,"X27769025","X30525066","ISO03","CH07","AU02","COM02","0",3972,80
"735","0","xtr395653",43912682,"X69808474","X70810604","ISO03","CH01","AU04","COM02","0",1309,34
"285","0","xtr543836",45469701,"X27769025","X99394788","ISO03","CH01","AU02","COM02","0",10350,145
"774","0","xtr190256",30230331,"X98390105","X74704643","ISO03","CH04","AU01","COM03","1",766,126
"461","0","xtr848720",10661529,"X96278924","X81527412","ISO03","CH04","AU02","COM01","0",921,103
"433","0","xtr896844",4405881,"X96278924","X40264579","ISO03","CH04","AU05","COM02","0",1274,38
"148","0","xtr704045",42871431,"X15452684","X28898321","ISO03","CH03","AU02","COM02","0",6672,29
"396","0","xtr162777",31272870,"X21701089","X79095620","ISO03","CH01","AU02","COM01","0",58218,61
"358","0","xtr781286",32735479,"X64608297","X84272118","ISO03","CH04","AU04","COM02","0",3275,79
"674","0","xtr237618",15127048,"X69808474","X76331254","ISO03","CH01","AU02","COM02","0",1388,19
"737","0","xtr299483",46080094,"X69808474","X83557012","ISO03","CH01","AU04","COM01","0",2341,16
"101","0","xtr350580",23781705,"X15452684","X79684544","ISO03","CH03","AU02","COM01","0",4977,49
"280","0","xtr485580",41978712,"X27769025","X41549476","ISO03","CH01","AU04","COM02","0",8201,226
"153","0","xtr127749",43995205,"X15452684","X46460597","ISO03","CH03","AU02","COM02","0",7033,615
"184","0","xtr999146",6775581,"X27769025","X14695609","ISO03","CH07","AU02","COM02","0",13885,1036
"216","0","xtr393286",18834791,"X27769025","X86872732","ISO03","CH01","AU02","COM01","0",9407,10010
"128","0","xtr685314",35266425,"X15452684","X90717446","ISO03","CH03","AU02","COM02","0",5606,28
"206","0","xtr203966",14263243,"X27769025","X25761914","ISO03","CH07","AU02","COM02","0",5840,59
"500","0","xtr905068",22293246,"X96278924","X80935017","ISO03","CH04","AU05","COM01","0",2746,30
"387","0","xtr866952",20481365,"X21701089","X12775440","ISO04","CH01","AU02","COM01","0",75402,225
"557","0","xtr806835",36378409,"X96278924","X93192042","ISO03","CH04","AU01","COM02","0",1067,56
"764","0","xtr337000",14775404,"X98390105","X61279665","ISO03","CH04","AU05","COM02","0",701,37
"243","0","xtr601609",30103233,"X27769025","X42082249","ISO03","CH01","AU02","COM02","0",9232,26
"219","0","xtr610544",19443326,"X27769025","X46460597","ISO03","CH01","AU02","COM02","0",7060,636
"37","0","xtr141448",8312166,"X51735094","X93192042","ISO03","CH07","AU04","COM02","0",945,85
"287","0","xtr571121",45474642,"X27769025","X18719197","ISO03","CH01","AU02","COM02","0",10240,712
"265","0","xtr635459",37695503,"X27769025","X38092686","ISO03","CH01","AU02","COM02","0",7324,37
"414","0","xtr604071",777731,"X96278924","X46460597","ISO03","CH04","AU02","COM02","0",1711,240
"376","0","xtr612052",10287084,"X21701089","X51802430","ISO03","CH07","AU04","COM03","1",37278,2249
"708","0","xtr215505",27559586,"X69808474","X70810604","ISO03","CH01","AU04","COM02","0",2584,20
"531","0","xtr109537",29901675,"X96278924","X99932896","ISO03","CH04","AU05","COM01","0",1965,24
"718","0","xtr589144",31118824,"X69808474","X23486055","ISO03","CH01","AU04","COM02","0",1908,223
"769","0","xtr754459",24989386,"X98390105","X23464562","ISO03","CH04","AU05","COM01","0",851,87
"713","0","xtr405990",28717750,"X69808474","X92239103","ISO03","CH01","AU04","COM02","0",2132,12
"64","0","xtr202828",5291354,"X15452684","X90717446","ISO03","CH03","AU02","COM02","0",5701,19
"532","0","xtr841741",30443612,"X96278924","X93192042","ISO03","CH04","AU01","COM02","0",1637,51
"776","0","xtr581193",32397147,"X98390105","X40616071","ISO03","CH01","AU02","COM02","0",759,49
"451","0","xtr831355",9003839,"X96278924","X94397731","ISO03","CH04","AU02","COM02","0",3130,32
"455","0","xtr470468",9328760,"X96278924","X93192042","ISO03","CH04","AU05","COM02","0",2359,90
"428","0","xtr404690",3874558,"X96278924","X62589651","ISO03","CH04","AU05","COM02","0",2091,29
"598","0","xtr921943",11176677,"X45605437","X60174406","ISO03","CH03","AU02","COM01","0",1131,79
"127","0","xtr397852",35161252,"X15452684","X14145034","ISO03","CH01","AU04","COM01","0",5656,47
"105","0","xtr751902",24728755,"X15452684","X79567445","ISO03","CH03","AU02","COM02","0",4887,303
"86","0","xtr918049",16954345,"X15452684","X79567445","ISO03","CH03","AU02","COM02","0",4486,303
"683","0","xtr561206",18952294,"X69808474","X92239103","ISO03","CH01","AU02","COM02","0",1121,12
"604","0","xtr233393",20916272,"X45605437","X41549476","ISO03","CH03","AU02","COM02","0",2116,69
"770","0","xtr215027",24989464,"X98390105","X74704643","ISO03","CH04","AU02","COM03","1",788,87
"707","0","xtr985693",26782592,"X69808474","X48570047","ISO03","CH01","AU04","COM01","0",1562,42
"199","0","xtr839611",9783155,"X27769025","X47632235","ISO03","CH07","AU04","COM01","0",4885,235
"417","0","xtr625153",979431,"X96278924","X33588577","ISO03","CH04","AU02","COM01","0",2260,30
"701","0","xtr596613",25753749,"X69808474","X32073736","ISO03","CH01","AU04","COM01","0",1985,47
"780","0","xtr205852",35178888,"X98390105","X45391134","ISO03","CH04","AU01","COM01","0",899,87
"462","0","xtr336037",11784902,"X96278924","X32992876","ISO03","CH04","AU05","COM01","0",2398,16
"180","0","xtr121939",5607091,"X27769025","X14695609","ISO03","CH07","AU04","COM02","0",38064,80
"259","0","xtr544468",35063418,"X27769025","X47822479","ISO03","CH01","AU04","COM02","0",12461,211
"235","0","xtr259350",26128812,"X27769025","X38641430","ISO03","CH01","AU04","COM02","0",6860,17
"603","0","xtr503961",19964442,"X45605437","X16675948","ISO03","CH03","AU02","COM02","0",1459,396
"783","0","xtr625554",36302300,"X98390105","X25350300","ISO03","CH04","AU01","COM03","1",698,45
"384","0","xtr630411",20038456,"X21701089","X48121827","ISO04","CH01","AU02","COM01","0",74687,163
"725","0","xtr149478",36801940,"X69808474","X42873492","ISO03","CH01","AU04","COM02","0",1281,94
"131","0","xtr259117",36299404,"X15452684","X93192042","ISO03","CH01","AU04","COM02","0",6299,43
"673","0","xtr945654",14863384,"X69808474","X45779244","ISO03","CH01","AU02","COM02","0",1605,32
"640","0","xtr672506",1208394,"X69808474","X83557012","ISO03","CH07","AU04","COM01","0",1958,16
"34","0","xtr541168",6400428,"X51735094","X13044719","ISO03","CH07","AU04","COM02","0",2112,39
"344","0","xtr186172",24993126,"X64608297","X95653232","ISO03","CH01","AU04","COM02","0",1579,16
"359","0","xtr375617",32852959,"X64608297","X95653232","ISO03","CH04","AU04","COM02","0",1578,15
"559","1","xtr102935",36880588,"X96278924","X32768132","ISO03","CH01","AU04","COM03","1",7152,7596
"662","0","xtr227448",11840282,"X69808474","X71927452","ISO03","CH07","AU04","COM03","1",2279,475
"425","0","xtr778133",3305339,"X96278924","X40264579","ISO03","CH04","AU05","COM02","0",1368,57
"99","0","xtr951105",23174122,"X15452684","X18544316","ISO03","CH03","AU02","COM02","0",5049,59
"140","0","xtr582895",40456599,"X15452684","X90717446","ISO03","CH03","AU02","COM02","0",6579,38
"136","0","xtr988588",38990766,"X15452684","X25761914","ISO03","CH03","AU02","COM02","0",7023,13
"606","0","xtr615977",24220137,"X45605437","X38148881","ISO04","CH01","AU04","COM01","0",1358,33
"104","0","xtr470625",24554033,"X15452684","X63932196","ISO03","CH03","AU02","COM02","0",4911,40
"710","0","xtr209661",27760109,"X69808474","X48570047","ISO03","CH01","AU04","COM03","1",2494,89
"538","0","xtr464704",31547117,"X96278924","X76213068","ISO03","CH01","AU04","COM01","0",1065,33
"178","0","xtr809210",5224408,"X27769025","X14695609","ISO03","CH07","AU02","COM02","0",38892,131
"260","0","xtr470300",35788717,"X27769025","X46460597","ISO03","CH01","AU04","COM02","0",11108,239
"390","0","xtr361943",23962451,"X21701089","X85349964","ISO03","CH01","AU04","COM01","0",71804,738
"438","0","xtr569473",4616244,"X96278924","X20322199","ISO03","CH04","AU05","COM01","0",1297,19
"230","0","xtr327623",23082972,"X27769025","X99394788","ISO03","CH01","AU02","COM02","0",7269,49
"694","0","xtr963415",22055376,"X69808474","X83557012","ISO03","CH01","AU02","COM01","0",1237,38
"341","0","xtr945306",19990523,"X64608297","X58297042","ISO03","CH01","AU02","COM01","0",1494,37
"696","0","xtr917415",22722273,"X69808474","X48570047","ISO03","CH01","AU02","COM01","0",1845,242
"83","0","xtr187184",16954093,"X15452684","X90717446","ISO03","CH03","AU02","COM02","0",4570,19
"90","0","xtr377072",19710418,"X15452684","X90717446","ISO03","CH03","AU02","COM02","0",4914,28
"672","0","xtr633866",14521152,"X69808474","X83557012","ISO03","CH07","AU04","COM01","0",1867,25
"543","0","xtr183566",33271994,"X96278924","X93192042","ISO03","CH04","AU01","COM02","0",2103,50
"415","0","xtr746391",777826,"X96278924","X24662917","ISO03","CH04","AU02","COM02","0",1523,12
"733","0","xtr927319",43044154,"X69808474","X94091441","ISO03","CH01","AU04","COM01","0",1191,398
"291","0","xtr940643",46667819,"X27769025","X65350681","ISO03","CH01","AU04","COM02","0",10251,22
"488","0","xtr234890",18073553,"X96278924","X78979904","ISO02","CH04","AU03","COM01","0",1796,54
"242","0","xtr545791",28681722,"X27769025","X35060788","ISO03","CH01","AU04","COM02","0",10152,1022
"174","0","xtr264097",5224408,"X27769025","X18544316","ISO03","CH07","AU02","COM02","0",38516,58
"540","0","xtr651647",31547308,"X96278924","X46460597","ISO03","CH01","AU04","COM02","0",1006,131
"113","0","xtr257425",29737179,"X15452684","X14695609","ISO03","CH03","AU02","COM02","0",5693,137
"659","0","xtr124535",10134378,"X69808474","X83557012","ISO03","CH07","AU04","COM01","0",1333,64
"67","0","xtr731122",9332488,"X15452684","X63932196","ISO03","CH03","AU02","COM02","0",6729,36
"691","0","xtr894847",21164712,"X69808474","X48570047","ISO03","CH01","AU02","COM01","0",1376,29
"703","0","xtr589396",25754135,"X69808474","X83557012","ISO03","CH01","AU04","COM01","0",1939,56
"439","0","xtr668989",4679080,"X96278924","X64825894","ISO03","CH04","AU05","COM01","1",1275,19
"638","0","xtr953940",880052,"X69808474","X71927452","ISO03","CH07","AU04","COM03","1",1223,320
"723","0","xtr455375",35284589,"X69808474","X94091441","ISO03","CH01","AU04","COM01","0",2748,785
"427","0","xtr614567",3305427,"X96278924","X64783449","ISO03","CH04","AU05","COM03","1",1292,708
"351","0","xtr144573",30665451,"X64608297","X95653232","ISO03","CH04","AU04","COM02","0",1240,16
"705","0","xtr706529",25927346,"X69808474","X83557012","ISO03","CH01","AU04","COM01","0",1889,24
"458","0","xtr500060",9758358,"X96278924","X94397731","ISO03","CH04","AU05","COM02","0",1763,32
"466","0","xtr191258",12088130,"X96278924","X93192042","ISO03","CH04","AU05","COM02","0",1832,90
"108","0","xtr307413",27576106,"X15452684","X90717446","ISO03","CH03","AU02","COM02","0",5254,28
"386","0","xtr999212",20209914,"X21701089","X46460597","ISO03","CH02","AU02","COM02","0",77381,1765
"398","0","xtr976608",31721457,"X21701089","X85349964","ISO03","CH01","AU04","COM01","0",57637,195
"550","0","xtr409171",34048114,"X96278924","X74682262","ISO03","CH04","AU03","COM02","0",715,69
"227","0","xtr746660",21966103,"X27769025","X27296713","ISO03","CH01","AU02","COM01","0",5434,37
"80","0","xtr184585",13233663,"X15452684","X18544316","ISO03","CH03","AU02","COM02","0",3942,54
"258","0","xtr848472",34679234,"X27769025","X30743839","ISO03","CH01","AU04","COM03","1",12916,33
"236","0","xtr551525",26128908,"X27769025","X41549476","ISO03","CH01","AU04","COM02","0",6855,93
"186","0","xtr190619",6900540,"X27769025","X38092686","ISO03","CH07","AU02","COM02","0",12842,37
"730","0","xtr771815",40782741,"X69808474","X83557012","ISO03","CH01","AU04","COM01","0",2124,16
"490","0","xtr690241",19454777,"X96278924","X76932175","ISO03","CH04","AU05","COM02","0",2869,269
"252","0","xtr675517",32869744,"X27769025","X41549476","ISO03","CH01","AU04","COM02","0",12888,93
"736","0","xtr684770",45207618,"X69808474","X70810604","ISO03","CH01","AU02","COM02","0",17086,19
"145","0","xtr547738",42443785,"X15452684","X78714202","ISO03","CH03","AU02","COM02","0",6788,28
"615","0","xtr553928",30700208,"X45605437","X99394788","ISO03","CH03","AU02","COM02","0",1930,49
"176","0","xtr976189",5224408,"X27769025","X10793292","ISO03","CH07","AU02","COM02","0",38793,29
"286","0","xtr411489",45469863,"X27769025","X19162789","ISO03","CH01","AU02","COM01","0",10240,44
"340","0","xtr793526",19176965,"X64608297","X98589933","ISO03","CH04","AU04","COM03","1",829,18
"200","0","xtr479245",11579325,"X27769025","X18544316","ISO03","CH07","AU04","COM01","0",7221,58
"149","0","xtr778987",42871518,"X15452684","X14695609","ISO03","CH03","AU02","COM02","0",6656,70
"133","0","xtr941918",38990431,"X15452684","X90717446","ISO03","CH03","AU02","COM02","0",7174,19
"666","0","xtr139097",13688273,"X69808474","X48570047","ISO03","CH07","AU04","COM01","0",1183,242
"729","0","xtr634129",38310155,"X69808474","X41158832","ISO03","CH01","AU04","COM01","0",1866,152
"533","0","xtr701458",30443691,"X96278924","X77467022","ISO03","CH04","AU01","COM01","0",1604,61
"392","0","xtr794928",27224447,"X21701089","X72414612","ISO04","CH01","AU04","COM03","1",67118,3783
"395","0","xtr597310",29804484,"X21701089","X83360430","ISO03","CH01","AU04","COM01","1",59977,176
"69","0","xtr134625",9332795,"X15452684","X79567445","ISO03","CH03","AU02","COM02","0",6648,303
"234","0","xtr953923",26128762,"X27769025","X25761914","ISO03","CH01","AU04","COM02","0",6871,23
"465","0","xtr423594",11855500,"X96278924","X47932928","ISO03","CH04","AU05","COM01","0",2061,44
"379","0","xtr870057",11412748,"X21701089","X79424912","ISO04","CH07","AU04","COM01","0",34066,99
"217","0","xtr768329",19443326,"X27769025","X41549476","ISO03","CH01","AU02","COM02","0",7128,93
"278","0","xtr204534",41404056,"X27769025","X66207720","ISO03","CH01","AU04","COM02","0",9546,505
"202","0","xtr351343",11580245,"X27769025","X30525066","ISO03","CH07","AU02","COM02","0",6174,80
"456","0","xtr911700",9752908,"X96278924","X76932175","ISO03","CH04","AU05","COM02","0",2070,281
"541","0","xtr851426",31791586,"X96278924","X71914071","ISO03","CH04","AU03","COM03","1",954,29
"536","0","xtr895021",30952147,"X96278924","X57163239","ISO03","CH04","AU01","COM01","0",1327,19
"522","0","xtr821472",27405176,"X96278924","X61066843","ISO03","CH04","AU03","COM03","1",2353,25
"116","0","xtr454022",30515655,"X15452684","X14695609","ISO03","CH03","AU02","COM02","0",6194,70
"715","0","xtr892875",30001390,"X69808474","X63561635","ISO03","CH01","AU04","COM02","0",3009,56
"195","0","xtr798420",9444199,"X27769025","X53680087","ISO03","CH07","AU02","COM02","0",3878,190
"510","0","xtr357980",25389090,"X96278924","X39335656","ISO03","CH04","AU05","COM01","0",1525,22
"175","0","xtr402587",5224408,"X27769025","X14695609","ISO03","CH07","AU02","COM02","0",38777,281
"107","0","xtr191617",26881165,"X15452684","X18544316","ISO03","CH03","AU02","COM02","0",5358,59
"273","0","xtr693300",40188514,"X27769025","X99394788","ISO03","CH01","AU02","COM02","0",10293,51
"523","0","xtr606684",27734845,"X96278924","X31147956","ISO03","CH04","AU03","COM01","0",1989,122
"135","0","xtr580672",38990631,"X15452684","X78714202","ISO03","CH03","AU02","COM02","0",7126,135
"290","0","xtr178117",45616558,"X27769025","X45406748","ISO03","CH01","AU04","COM01","0",9039,80
"476","0","xtr558421",15312998,"X96278924","X31147956","ISO03","CH04","AU05","COM01","0",1455,44
"25","0","xtr785706",4675604,"X51735094","X15817298","ISO03","CH07","AU04","COM01","0",2038,29
"652","0","xtr122184",6225523,"X69808474","X72427334","ISO03","CH07","AU04","COM01","0",1397,26
"334","0","xtr337307",15201656,"X64608297","X80234603","ISO03","CH01","AU02","COM02","0",1141,922
"450","0","xtr120677",8026292,"X96278924","X94397731","ISO03","CH04","AU02","COM02","0",786,32
"420","0","xtr871858",1727354,"X96278924","X76932175","ISO03","CH04","AU02","COM02","0",1338,281
"709","0","xtr574072",27669658,"X69808474","X48570047","ISO03","CH01","AU04","COM01","0",2596,134
"349","0","xtr321030",28422008,"X64608297","X38726514","ISO03","CH04","AU04","COM01","0",834,222
"109","0","xtr478179",28180055,"X15452684","X93192042","ISO03","CH03","AU02","COM02","0",5946,43
"246","0","xtr224039",30103239,"X27769025","X47066779","ISO03","CH01","AU02","COM02","0",9187,49
"726","0","xtr558261",38042511,"X69808474","X83557012","ISO03","CH01","AU04","COM01","0",2084,16
"487","0","xtr995537",17965304,"X96278924","X41549476","ISO03","CH04","AU05","COM02","0",1861,65
"618","0","xtr405088",36800837,"X45605437","X54459626","ISO04","CH03","AU02","COM01","0",2997,103
"597","0","xtr373791",10656511,"X45605437","X43960597","ISO04","CH03","AU02","COM01","0",1148,31
"63","0","xtr892608",4508338,"X15452684","X93192042","ISO03","CH03","AU02","COM02","0",5778,41
"419","0","xtr469222",1373013,"X96278924","X26412927","ISO03","CH04","AU02","COM02","0",1479,49
"423","0","xtr181971",3305196,"X96278924","X93679384","ISO03","CH04","AU05","COM01","0",1435,75
"355","0","xtr710862",31453195,"X64608297","X95653232","ISO03","CH04","AU04","COM02","0",810,22
"121","0","xtr818277",31640496,"X15452684","X18544316","ISO03","CH03","AU02","COM02","0",5796,59
"277","0","xtr428634",41325603,"X27769025","X25744487","ISO03","CH01","AU04","COM01","0",9616,45
"778","0","xtr700065",32737015,"X98390105","X94397731","ISO03","CH04","AU01","COM02","0",869,49
"112","0","xtr168937",29737086,"X15452684","X90717446","ISO03","CH03","AU02","COM02","0",5706,26
"40","0","xtr257612",9440864,"X51735094","X18544316","ISO03","CH07","AU04","COM02","0",1459,122
"505","0","xtr897078",23832916,"X96278924","X35289634","ISO03","CH04","AU05","COM01","0",1102,21
"655","0","xtr612592",7528303,"X69808474","X69347974","ISO03","CH07","AU04","COM03","1",2043,80
"555","0","xtr920495",36028952,"X96278924","X99394788","ISO03","CH04","AU01","COM02","0",1795,60
"482","0","xtr455919",16515332,"X96278924","X35563805","ISO03","CH04","AU05","COM01","0",827,49
"697","0","xtr184576",23837958,"X69808474","X21039645","ISO03","CH01","AU04","COM01","0",1590,598
"699","0","xtr141330",25752800,"X69808474","X92239103","ISO03","CH01","AU04","COM02","0",1749,80
"75","0","xtr227005",11663553,"X15452684","X16219180","ISO03","CH06","AU02","COM01","0",6459,1789
"477","0","xtr936516",15313135,"X96278924","X97636029","ISO03","CH04","AU05","COM01","0",1427,147
"152","0","xtr503249",43910183,"X15452684","X93192042","ISO03","CH03","AU02","COM02","0",7066,51
"636","0","xtr883825",0,"X69808474","X10652913","ISO03","CH07","AU02","COM02","0",1263,87
"689","0","xtr560338",20402743,"X69808474","X48570047","ISO03","CH01","AU02","COM03","1",1764,52
"270","0","xtr853390",38914301,"X27769025","X64270840","ISO04","CH01","AU04","COM01","0",9483,55
"685","0","xtr142340",18952715,"X69808474","X83557012","ISO03","CH01","AU02","COM01","0",1097,14
"382","0","xtr908210",13811325,"X21701089","X17756979","ISO03","CH07","AU04","COM01","0",30654,21
"339","0","xtr743848",17642391,"X64608297","X95653232","ISO03","CH04","AU04","COM02","0",1502,16
"196","0","xtr815119",9444199,"X27769025","X65350681","ISO03","CH07","AU02","COM02","0",4030,82
"171","0","xtr140125",3370172,"X27769025","X46460597","ISO03","CH07","AU02","COM02","0",32960,247
"447","0","xtr577096",6645754,"X96278924","X93192042","ISO03","CH04","AU02","COM02","0",1964,89
"71","0","xtr380905",9781965,"X15452684","X93192042","ISO03","CH03","AU02","COM02","0",7022,41
"288","0","xtr210361",45615985,"X27769025","X45389096","ISO03","CH01","AU04","COM02","0",9696,708
"732","0","xtr140989",43043814,"X69808474","X48570047","ISO03","CH01","AU04","COM01","0",1208,31
"610","0","xtr223253",27300143,"X45605437","X60174406","ISO03","CH01","AU04","COM01","0",1766,85
"667","0","xtr507080",14074824,"X69808474","X92239103","ISO03","CH07","AU04","COM02","0",915,58
"548","0","xtr809565",33896054,"X96278924","X53043477","ISO03","CH04","AU03","COM02","0",1140,13
"750","1","xtr393840",49436390,"X69808474","X38835158","ISO03","CH01","AU04","COM03","1",17662,9312
"781","0","xtr849807",35178952,"X98390105","X45391134","ISO03","CH04","AU01","COM01","0",841,49
"471","0","xtr553925",13491848,"X96278924","X77467022","ISO03","CH04","AU05","COM01","0",722,28
"436","0","xtr690661",4615783,"X96278924","X15458175","ISO03","CH04","AU05","COM01","0",1439,32
"212","0","xtr560004",16492372,"X27769025","X96989321","ISO03","CH01","AU02","COM01","0",8700,87
"39","0","xtr622883",8488444,"X51735094","X39509284","ISO03","CH07","AU04","COM02","0",645,22
"372","0","xtr807900",5006365,"X21701089","X51802430","ISO03","CH07","AU04","COM01","0",42331,1449
"502","0","xtr904675",22891444,"X96278924","X97636029","ISO03","CH04","AU05","COM01","0",2146,44
"380","0","xtr479895",11826033,"X21701089","X17756979","ISO03","CH07","AU04","COM01","0",32158,191
"32","0","xtr876312",6400316,"X51735094","X18544316","ISO03","CH07","AU04","COM02","0",2216,122
"330","0","xtr428401",9968131,"X64608297","X58074368","ISO03","CH07","AU04","COM02","0",779,20
"605","0","xtr722133",20916438,"X45605437","X38641430","ISO03","CH03","AU02","COM02","0",2068,31
"430","0","xtr279908",4345757,"X96278924","X76932175","ISO03","CH04","AU05","COM02","0",1420,281
"719","0","xtr395928",32150557,"X69808474","X48570047","ISO03","CH01","AU04","COM03","1",1679,553
"271","0","xtr833294",39075292,"X27769025","X95119803","ISO03","CH01","AU04","COM02","0",8779,578
"59","0","xtr337360",3125128,"X15452684","X90717446","ISO03","CH03","AU02","COM02","0",5063,28
"79","0","xtr476289",12714508,"X15452684","X93192042","ISO03","CH03","AU02","COM02","0",3974,41
"639","0","xtr410290",956875,"X69808474","X71927452","ISO03","CH07","AU04","COM03","1",2188,165
"520","0","xtr483839",26792449,"X96278924","X41549476","ISO03","CH04","AU03","COM02","0",707,59
"645","0","xtr788855",3406783,"X69808474","X83351465","ISO03","CH07","AU04","COM01","0",4671,3807
"241","0","xtr493567",27489776,"X27769025","X45389096","ISO03","CH01","AU04","COM02","0",11781,1098
"356","0","xtr221933",31453344,"X64608297","X84272118","ISO03","CH04","AU04","COM02","0",1510,79
"110","0","xtr642642",28180391,"X15452684","X63848056","ISO03","CH03","AU02","COM02","0",5919,18
"244","0","xtr149232",30103233,"X27769025","X36904848","ISO03","CH01","AU02","COM02","0",9244,24
"181","0","xtr246599",6171718,"X27769025","X68121485","ISO03","CH07","AU04","COM01","0",39818,725
"678","0","xtr400901",16941612,"X69808474","X76331254","ISO03","CH01","AU02","COM02","0",2441,18
"526","0","xtr163993",28935833,"X96278924","X78979904","ISO02","CH04","AU03","COM01","0",838,88
"218","0","xtr530330",19443326,"X27769025","X18731538","ISO03","CH01","AU02","COM01","0",7489,450
"698","0","xtr820176",24198163,"X69808474","X83557012","ISO03","CH01","AU04","COM01","0",858,14
"687","0","xtr713544",20042017,"X69808474","X57127079","ISO03","CH01","AU02","COM01","0",3059,839
"676","0","xtr498981",16155600,"X69808474","X48570047","ISO03","CH07","AU04","COM01","0",1673,104
"426","0","xtr134897",3305384,"X96278924","X40264579","ISO03","CH04","AU05","COM02","0",1329,56
"103","0","xtr369017",24553847,"X15452684","X90717446","ISO03","CH03","AU02","COM02","0",4919,19
"552","0","xtr873301",35188739,"X96278924","X12194404","ISO03","CH04","AU01","COM02","0",2417,22
"197","0","xtr329878",9444199,"X27769025","X34838585","ISO03","CH07","AU02","COM02","0",3886,20
"347","0","xtr892452",27242289,"X64608297","X74262211","ISO03","CH01","AU04","COM01","0",607,33
"472","0","xtr243340",14427168,"X96278924","X33409071","ISO03","CH04","AU05","COM02","0",2240,40
"115","0","xtr997021",30515270,"X15452684","X63848056","ISO03","CH03","AU02","COM02","0",6201,18
"381","0","xtr535447",11927093,"X21701089","X52882781","ISO01","CH07","AU04","COM01","0",33427,1560
"94","0","xtr993855",20655787,"X15452684","X18544316","ISO03","CH01","AU02","COM02","0",5111,108
"61","0","xtr468672",3209898,"X15452684","X14145034","ISO03","CH06","AU02","COM01","0",6158,1281
"680","0","xtr242040",17810431,"X69808474","X83457670","ISO03","CH01","AU02","COM02","0",1616,177
"527","0","xtr886792",29050708,"X96278924","X35139993","ISO03","CH04","AU05","COM01","0",587,18
"677","0","xtr872872",16767162,"X69808474","X69347974","ISO03","CH01","AU02","COM01","0",1193,64
"247","0","xtr605957",30103239,"X27769025","X14695609","ISO03","CH01","AU02","COM02","0",9156,850
"620","0","xtr760739",36801025,"X45605437","X47040754","ISO03","CH03","AU02","COM02","0",2746,110
"60","0","xtr540492",3209768,"X15452684","X10258280","ISO03","CH06","AU02","COM01","0",9710,4347
"484","0","xtr345736",16777789,"X96278924","X97636029","ISO03","CH04","AU05","COM01","0",1970,147
"473","0","xtr752181",14521667,"X96278924","X44444693","ISO03","CH04","AU05","COM01","0",2193,58
"89","0","xtr496788",17643118,"X15452684","X93192042","ISO03","CH03","AU02","COM02","0",4897,41
"481","0","xtr245456",16145266,"X96278924","X20399067","ISO03","CH04","AU05","COM01","1",824,87
"53","0","xtr230381",879139,"X15452684","X79567445","ISO03","CH03","AU02","COM02","0",30626,303
"599","0","xtr658741",17542242,"X45605437","X37428472","ISO03","CH03","AU02","COM01","0",1768,72
"138","0","xtr394791",39067217,"X15452684","X63848056","ISO03","CH01","AU04","COM02","0",7021,18
"231","0","xtr628830",23083035,"X27769025","X29624968","ISO03","CH01","AU02","COM02","0",7237,101
"389","0","xtr686893",23322378,"X21701089","X69573689","ISO01","CH01","AU04","COM01","0",73267,537
"342","0","xtr509431",19990709,"X64608297","X67176406","ISO03","CH01","AU02","COM02","0",1471,27
"775","0","xtr832334",32397147,"X98390105","X53422917","ISO03","CH01","AU02","COM02","0",781,37
"41","1","xtr907138",10704152,"X51735094","X23634843","ISO03","CH05","AU02","COM03","1",4290,3779
"614","0","xtr384959",28274095,"X45605437","X96222536","ISO03","CH03","AU02","COM02","0",2024,39
"225","0","xtr718986",21965910,"X27769025","X93192042","ISO03","CH01","AU02","COM02","0",5567,172
"33","0","xtr130446",6400330,"X51735094","X63848056","ISO03","CH07","AU04","COM02","0",2125,26
"221","0","xtr357812",19445635,"X27769025","X93192042","ISO03","CH01","AU02","COM02","0",5470,162
"497","0","xtr869263",20295708,"X96278924","X97636029","ISO03","CH04","AU03","COM01","0",1967,181
"70","0","xtr586858",9781871,"X15452684","X90717446","ISO03","CH03","AU02","COM02","0",7045,38
"245","0","xtr619142",30103239,"X27769025","X47066779","ISO03","CH01","AU02","COM02","0",9219,49
"491","0","xtr147172",19454865,"X96278924","X64783449","ISO03","CH04","AU05","COM01","1",2657,785
"648","0","xtr302841",5282620,"X69808474","X42873492","ISO03","CH07","AU04","COM02","0",1650,94
"57","0","xtr453868",2265260,"X15452684","X64168476","ISO03","CH03","AU02","COM01","0",5228,398
"702","0","xtr929318",25753898,"X69808474","X32073736","ISO03","CH01","AU04","COM01","0",1955,29
"744","0","xtr773664",48490541,"X69808474","X71927452","ISO03","CH01","AU04","COM01","0",2420,475
"553","0","xtr551257",35328656,"X96278924","X99932896","ISO03","CH04","AU01","COM01","0",2855,19
"499","0","xtr267277",21782345,"X96278924","X20399067","ISO03","CH04","AU03","COM01","1",853,165
